spkid,full_name,neo,pha,H,diameter,e,a,q,ad,i,om,w,ma,tp,per,moid,sigma_e,sigma_a,aphelion_dist,perihelion_dist,orbital_period,eccentricity,semi_major_axis,inclination,moid_au,collision_risk,moid_au_log,diameter_log
20000433,433 Eros,Y,N,11.16,16.84,0.222,1.458,1.133,1.782,10.828,304.3,178.9,319.5,2459000.5,642.9,0.148,1e-05,1e-05,1.782,1.133,642.9,0.222,1.458,10.828,0.148,0,0.1380212978973747,2.8814431271518632
20001566,1566 Icarus,Y,Y,16.96,1.0,0.826,1.077,0.186,1.969,22.82,88.0,31.4,212.7,2459000.5,408.7,0.035,1e-05,1e-05,1.969,0.186,408.7,0.826,1.077,22.82,0.035,1,0.0344014267173324,0.6931471805599453
20001862,1862 Apollo,Y,Y,16.25,1.5,0.559,1.47,0.647,2.292,6.35,35.7,285.8,114.7,2459000.5,651.9,0.025,1e-05,1e-05,2.292,0.647,651.9,0.559,1.47,6.35,0.025,1,0.0246926125903715,0.9162907318741551
20002101,2101 Adonis,Y,Y,18.8,0.6,0.764,1.874,0.442,3.307,1.33,347.4,42.4,73.1,2459000.5,936.4,0.011,1e-05,1e-05,3.307,0.442,936.4,0.764,1.874,1.33,0.011,1,0.010939940038334362,0.4700036292457356
20069230,69230 Hermes,Y,Y,17.5,0.3,0.623,1.654,0.621,2.686,6.06,332.1,89.9,280.0,2459000.5,776.4,0.003,1e-05,1e-05,2.686,0.621,776.4,0.623,1.654,6.06,0.003,1,0.002995508979798479,0.262364264467491
