{
  "mission_risk": {
    "mission_risk_index": 0.5462,
    "risk_category": "ELEVATED",
    "recommendation": "\ud83d\udd36 Additional review required",
    "components": {
      "launch_risk": 0.4904,
      "satellite_risk": 1.0,
      "neo_risk": 0.0
    },
    "weights": {
      "launch": 0.4,
      "satellite": 0.35,
      "neo": 0.25
    }
  },
  "launch_risk_scores": [
    0.14407242834568024,
    0.7048449516296387,
    0.24932871758937836,
    0.8189989328384399,
    0.20874886214733124,
    0.8392564654350281,
    0.37176138162612915,
    0.282267689704895,
    0.16926999390125275,
    0.8125922083854675,
    0.7924137115478516,
    0.7925409078598022,
    0.31745433807373047,
    0.7939590215682983,
    0.2198483794927597,
    0.8043991327285767,
    0.05500250309705734,
    0.4606967568397522,
    0.2870120406150818,
    0.3144153654575348,
    0.8056724667549133,
    0.8153868317604065,
    0.8043369650840759,
    0.35449686646461487,
    0.17623557150363922,
    0.662311315536499,
    0.8035133481025696,
    0.8067634105682373,
    0.24578183889389038,
    0.7940358519554138,
    0.6983480453491211,
    0.8272378444671631,
    0.3681122660636902,
    0.8102918863296509,
    0.8243930339813232,
    0.2194712907075882,
    0.8244838714599609,
    0.8121798038482666,
    0.7848474383354187,
    0.12341351807117462,
    0.5508766770362854,
    0.3572964072227478,
    0.7846812605857849,
    0.23729895055294037,
    0.04470944404602051,
    0.2584756314754486,
    0.267444372177124,
    0.5651533007621765,
    0.13066451251506805,
    0.8213145732879639,
    0.259916752576828,
    0.26534590125083923,
    0.7217493057250977,
    0.8173621296882629,
    0.7850933074951172,
    0.3597868084907532,
    0.8116334080696106,
    0.19952726364135742,
    0.28756189346313477,
    0.4606967568397522,
    0.6803234815597534,
    0.8012305498123169,
    0.1951112598180771,
    0.6119029521942139,
    0.2319728434085846,
    0.7403229475021362,
    0.8194164037704468,
    0.45772457122802734,
    0.816352367401123,
    0.7209694385528564,
    0.8254196643829346,
    0.33643242716789246,
    0.7632818222045898,
    0.32751166820526123,
    0.3001410663127899,
    0.7821786999702454,
    0.21534506976604462,
    0.2589035630226135,
    0.4193524718284607,
    0.8299914598464966,
    0.4407525658607483,
    0.7919265627861023,
    0.12754444777965546,
    0.2999342381954193,
    0.26667335629463196,
    0.8228862285614014,
    0.3142804205417633,
    0.472149133682251,
    0.2929289937019348,
    0.17535777390003204,
    0.7547805309295654,
    0.37176138162612915,
    0.24393969774246216,
    0.20202255249023438,
    0.7670372724533081,
    0.7416869401931763,
    0.1950441598892212,
    0.16079431772232056,
    0.3066578507423401,
    0.8086720705032349,
    0.8376932740211487,
    0.8102183938026428,
    0.7522791028022766,
    0.33219367265701294,
    0.31745433807373047,
    0.7209699153900146,
    0.25746044516563416,
    0.37931233644485474,
    0.22903527319431305,
    0.8194806575775146,
    0.43202608823776245,
    0.5781081914901733,
    0.759686291217804,
    0.26831603050231934,
    0.8276682496070862,
    0.26534590125083923,
    0.08906783908605576,
    0.2591272294521332,
    0.7493696808815002,
    0.47913026809692383,
    0.6901427507400513,
    0.24656836688518524,
    0.12123676389455795,
    0.7549499273300171,
    0.47198620438575745,
    0.3378985524177551,
    0.8014984726905823,
    0.23174229264259338,
    0.2861229181289673,
    0.17496120929718018,
    0.11389027535915375,
    0.43202608823776245,
    0.18941539525985718,
    0.33643242716789246,
    0.03553341329097748,
    0.8055383563041687,
    0.8213390111923218,
    0.44542238116264343,
    0.3560672998428345,
    0.32408180832862854,
    0.5029483437538147,
    0.8087349534034729,
    0.6497411727905273,
    0.47815126180648804,
    0.8379901647567749,
    0.6379318237304688,
    0.8132461905479431,
    0.14867889881134033,
    0.7647904753684998,
    0.2943878769874573,
    0.22903527319431305,
    0.7679276466369629,
    0.1959364414215088,
    0.2582375109195709,
    0.6419185400009155,
    0.298193097114563,
    0.04302513599395752,
    0.43202608823776245,
    0.2736561894416809,
    0.1488155871629715,
    0.09050915390253067,
    0.2912570536136627,
    0.35701921582221985,
    0.8237220644950867,
    0.8270144462585449,
    0.7109673023223877,
    0.819663405418396,
    0.1624719202518463,
    0.7527790069580078,
    0.6911153197288513,
    0.8377274870872498,
    0.5032839775085449,
    0.31745433807373047,
    0.24178923666477203,
    0.24989324808120728,
    0.12548968195915222,
    0.6828031539916992,
    0.33643242716789246,
    0.8213686943054199,
    0.24602651596069336,
    0.7548311948776245,
    0.4193524718284607,
    0.694956362247467,
    0.39562514424324036,
    0.8072744607925415,
    0.7394311428070068,
    0.8088817596435547,
    0.5174322724342346,
    0.7009723782539368,
    0.8175131678581238,
    0.2379177361726761,
    0.5651533007621765,
    0.24656836688518524,
    0.1976030319929123,
    0.4017556309700012,
    0.8092669248580933,
    0.5989261865615845,
    0.22773750126361847,
    0.4409438967704773,
    0.17176203429698944,
    0.5651533007621765,
    0.7969282865524292,
    0.43202608823776245,
    0.6728556156158447,
    0.09249357134103775,
    0.21462883055210114,
    0.8162076473236084,
    0.8255007266998291,
    0.6848676204681396,
    0.6802796721458435,
    0.35701921582221985,
    0.560802698135376,
    0.8120200634002686,
    0.33997535705566406,
    0.3741515278816223,
    0.3422127962112427,
    0.10197041183710098,
    0.5032839775085449,
    0.27631819248199463,
    0.8083786964416504,
    0.8148056864738464,
    0.8054298162460327,
    0.7480894923210144,
    0.2855391502380371,
    0.4943546652793884,
    0.35701921582221985,
    0.3747062087059021,
    0.26534590125083923,
    0.494582861661911,
    0.2665954530239105,
    0.7711580991744995,
    0.21500028669834137,
    0.22903527319431305,
    0.734233021736145,
    0.4491342604160309,
    0.4401693344116211,
    0.13387177884578705,
    0.38564079999923706,
    0.43202608823776245,
    0.7549192905426025,
    0.3508167862892151,
    0.7907769083976746,
    0.12677642703056335,
    0.6119029521942139,
    0.8189159035682678,
    0.8039340376853943,
    0.2230101078748703,
    0.8173611164093018,
    0.8226115703582764,
    0.6359288692474365,
    0.2504919767379761,
    0.10007849335670471,
    0.8081483244895935,
    0.8381443023681641,
    0.8269795179367065,
    0.22903527319431305,
    0.5845213532447815,
    0.8375071883201599,
    0.8119723200798035,
    0.43202608823776245,
    0.22903527319431305,
    0.8213332891464233,
    0.26563867926597595,
    0.469349205493927,
    0.7025416493415833,
    0.8051097989082336,
    0.4552958905696869,
    0.5153107047080994,
    0.8099379539489746,
    0.5199123620986938,
    0.23315806686878204,
    0.22291100025177002,
    0.33643242716789246,
    0.7620843648910522,
    0.8064426779747009,
    0.1976030319929123,
    0.2744264602661133,
    0.33643242716789246,
    0.7896993160247803,
    0.16288645565509796,
    0.7977408170700073,
    0.5651533007621765,
    0.6558191776275635,
    0.8024578094482422,
    0.775852382183075,
    0.232746884226799,
    0.4401693344116211,
    0.8022419214248657,
    0.7711755633354187,
    0.16203513741493225,
    0.8213264346122742,
    0.7612470388412476,
    0.1837259978055954,
    0.06835897266864777,
    0.7845840454101562,
    0.22688142955303192,
    0.24523000419139862,
    0.25176551938056946,
    0.26534590125083923,
    0.237761989235878,
    0.34889912605285645,
    0.7643235325813293,
    0.46829360723495483,
    0.22903527319431305,
    0.7897289991378784,
    0.2759324014186859,
    0.19235265254974365,
    0.4401693344116211,
    0.804476261138916,
    0.26534590125083923,
    0.6119029521942139,
    0.24771559238433838,
    0.3757040500640869,
